{
  "extracted_at": "2025-10-12T19:51:52Z",
  "items": [
    {
      "latency_ms": 120,
      "last_ok_ms": 1760272535183,
      "topic": "ticker",
      "retries": 0,
      "exchange": "binance"
    },
    {
      "latency_ms": 500,
      "last_ok_ms": 1760272512183,
      "topic": "ticker",
      "retries": 1,
      "exchange": "bybit"
    },
    {
      "latency_ms": 50,
      "last_ok_ms": 1760272490183,
      "topic": "ticker",
      "retries": 0,
      "exchange": "okx"
    }
  ]
}
